{"cameraMode":{"drawMode":0,"name":"Shaded","section":"Shading Mode"},"sceneLighting":true,"audioPlay":false,"sceneViewState":{"m_AlwaysRefresh":false,"showFog":true,"showSkybox":true,"showFlares":true,"showImageEffects":true,"showParticleSystems":true,"showVisualEffectGraphs":true,"m_FxEnabled":true},"in2DMode":false,"pivot":{"x":5.77169132232666,"y":7.815915107727051,"z":5.213432312011719},"rotation":{"x":0.027628205716609956,"y":-0.19896827638149262,"z":-0.005570484325289726,"w":-0.9795140624046326},"size":10.059063911437989,"orthographic":false}