{"cameraMode":{"drawMode":0,"name":"Shaded","section":"Shading Mode"},"sceneLighting":true,"audioPlay":false,"sceneViewState":{"m_AlwaysRefresh":false,"showFog":true,"showSkybox":true,"showFlares":true,"showImageEffects":true,"showParticleSystems":true,"showVisualEffectGraphs":true,"m_FxEnabled":true},"in2DMode":false,"pivot":{"x":-0.18913906812667848,"y":8.148435592651368,"z":14.306113243103028},"rotation":{"x":-0.03329918906092644,"y":0.012602734379470349,"z":0.00007145437848521397,"w":-0.9991174936294556},"size":12.434926986694336,"orthographic":false}